iteration,loss,psnr
30000,0.026339543983340263,19.358339309692383
30100,0.023873139172792435,19.6335506439209
